/* PRÁCTICA FINAL DE BBDD - BALONCESTO */

/* TABLAS */
/* 1 */
CREATE TABLE codigo_postal(
  cod_postal NUMBER (5) CONSTRAINT pk_cod_postal PRIMARY KEY,
  localidad VARCHAR (15) CONSTRAINT nn_localidad_cod NOT NULL
);
/* 2 */
CREATE TABLE entrenador(
  dni VARCHAR (9) CONSTRAINT pk_entrenador PRIMARY KEY,
  nombres VARCHAR (10) CONSTRAINT nn_nombre_entre NOT NULL,
  apellido VARCHAR (15) CONSTRAINT nn_apellido_entre NOT NULL,
  f_nacimiento DATE CONSTRAINT nn_f_nac_entre NOT NULL,
  cod_postal NUMBER (5) CONSTRAINT fk_cod_postal_entre REFERENCES codigo_postal
);
/* 3 */
CREATE TABLE club(
  cif VARCHAR (9) CONSTRAINT pk_club PRIMARY KEY,
  nombre VARCHAR (10) CONSTRAINT nn_nombre_club NOT NULL,
  anio_fundacion NUMBER (4) CONSTRAINT nn_anio_fund_club NOT NULL,
  valoracion_euros NUMBER (8) CONSTRAINT nn_valor_club NOT NULL,
  dni VARCHAR (9) CONSTRAINT fk_dni_entre_club REFERENCES entrenador
);
/* 4 */
CREATE TABLE jugador(
  dni VARCHAR (9) CONSTRAINT pk_jugador PRIMARY KEY,
  nombre VARCHAR (10) CONSTRAINT nn_nombre_jug NOT NULL,
  apellido VARCHAR (15) CONSTRAINT nn_apellido_jug NOT NULL,
  f_nacimiento DATE CONSTRAINT nn_f_nac_jug NOT NULL,
  altura NUMBER (3) CONSTRAINT nn_altura_jug NOT NULL,
  lesionado NUMBER (1) CONSTRAINT nn_lesionado_jug NOT NULL 
                       CONSTRAINT ck_lesionado_jug CHECK ( lesionado = 0 OR lesionado = 1),
  posicion VARCHAR (10) CONSTRAINT nn_posicion_jug NOT NULL
                       CONSTRAINT ck_posicion_jug CHECK (posicion = 'ESCOLTA' OR posicion = 'BASE' OR posicion = 'ALERO' OR posicion = 'ALA-PIVOT' OR posicion = 'PIVOT'),
  cif VARCHAR (9) CONSTRAINT nn_cif_club_jug NOT NULL
                  CONSTRAINT fk_cif_club_jug REFERENCES club
);
/* 5 */
CREATE TABLE estadio(
  nombre VARCHAR (10) CONSTRAINT nn_nombre_est NOT NULL,
  capacidad NUMBER (5) CONSTRAINT nn_capacidad_est NOT NULL,
  cod_postal NUMBER (5) CONSTRAINT fk_cod_postal_est REFERENCES codigo_postal,
  CONSTRAINT pk_nombre_cod_postal_est PRIMARY KEY (nombre, cod_postal)
);
/* 6 */
CREATE TABLE torneo(
  identificador NUMBER (4) CONSTRAINT pk_torneo PRIMARY KEY,
  nombre VARCHAR (30) CONSTRAINT nn_nombre_tor NOT NULL,
  premio NUMBER (6) CONSTRAINT nn_premio_tor NOT NULL
);
/* 7 */
CREATE TABLE tipo_partido(
  codigo VARCHAR (6) CONSTRAINT pk_tipo_partido PRIMARY KEY,
  descripcion VARCHAR (10) CONSTRAINT nn_descripcion_tipo_partido NOT NULL
);
/* 8 */
CREATE TABLE amistoso(
  codigo VARCHAR (6) CONSTRAINT pk_amistoso PRIMARY KEY
                     CONSTRAINT fk_cod_tipo_amis REFERENCES tipo_partido,
  descripcion VARCHAR (10) CONSTRAINT nn_descripcion_amis NOT NULL,
  causa VARCHAR (15) CONSTRAINT nn_causa_amis NOT NULL
                     CONSTRAINT ck_causa_amis CHECK (causa = 'BENEFICA' OR causa = 'ENTRENAMIENTO' OR causa = 'CELEBRACION')
);
/* 9 */
CREATE TABLE de_torneo(
  codigo VARCHAR (6) CONSTRAINT pk_de_torneo PRIMARY KEY
                     CONSTRAINT fk_cod_tipo_dtor REFERENCES tipo_partido,
  descripcion VARCHAR (10) CONSTRAINT nn_descripcion_dtor NOT NULL,
  estado VARCHAR (15) CONSTRAINT nn_estado_dtor NOT NULL
                     CONSTRAINT ck_estado_dtor CHECK (estado = 'FINAL' OR estado = 'SEMIFINAL'),
  identificador NUMBER (4) CONSTRAINT fk_id_torneo_dtor REFERENCES torneo
);
/* 10 */
CREATE TABLE clasificatorio(
  codigo VARCHAR (6) CONSTRAINT pk_clasificatorio PRIMARY KEY
                     CONSTRAINT fk_cod_tipo_clas REFERENCES tipo_partido,
  descripcion VARCHAR (10) CONSTRAINT nn_descripcion_clas NOT NULL,
  identificador NUMBER (4) CONSTRAINT fk_id_torneo_clas REFERENCES torneo
);
/* 11 */
CREATE TABLE club_partido(
  cif_1 VARCHAR (9) CONSTRAINT fk_cif1_club_par REFERENCES club,
  cif_2 VARCHAR (9) CONSTRAINT fk_cif2_club_par REFERENCES club,
  codigo VARCHAR (6) CONSTRAINT fk_codigo_tipo_club_par REFERENCES tipo_partido,
  fecha DATE,
  nombre VARCHAR (10),
  cod_postal NUMBER (5),
  puntos_club_1 NUMBER (3) CONSTRAINT nn_puntos1_club_par NOT NULL,
  puntos_club_2 NUMBER (3) CONSTRAINT nn_puntos2_club_par NOT NULL,
  ganador VARCHAR (9) CONSTRAINT fk_ganador_club_par REFERENCES club,
  CONSTRAINT pk_cif1_cif2_fecha_club_par PRIMARY KEY (cif_1, cif_2, fecha),
  CONSTRAINT fk_nombre_cod_postal_club_par FOREIGN KEY (nombre, cod_postal) REFERENCES estadio
);
/* 12 */
CREATE TABLE contrato(
  f_ini DATE,
  f_fin DATE CONSTRAINT nn_f_fin_contr NOT NULL,
  precio_compra NUMBER (10) CONSTRAINT nn_pre_compra_contr NOT NULL,
  precio_venta NUMBER (10) CONSTRAINT nn_pre_venta_contr NOT NULL,
  cif VARCHAR (9) CONSTRAINT fk_cif_contr REFERENCES club,
  dni VARCHAR (9) CONSTRAINT fk_dni_contr REFERENCES jugador,
  CONSTRAINT pk_f_ini_cif_dni_contr PRIMARY KEY (f_ini, cif, dni)
);

/* INSERCIÓN DE DATOS */
/* 1 - CODIGO_POSTAL */
INSERT INTO codigo_postal VALUES (23740, 'Andujar');
INSERT INTO codigo_postal VALUES (23700, 'Linares');
INSERT INTO codigo_postal VALUES (23009, 'Jaen');
INSERT INTO codigo_postal VALUES (14001, 'Cordoba');
INSERT INTO codigo_postal VALUES (41001, 'Sevilla');
/* 2 - ENTRENADOR */
INSERT INTO entrenador VALUES('11111111A', 'Eduardo', 'Gutierrez', '28/04/1973', 23740);
INSERT INTO entrenador VALUES('22222222B', 'Ricardo', 'Gareca', '20/02/1965', 23700);
INSERT INTO entrenador VALUES('33333333C', 'Lucia', 'Castro', '18/09/1987', 23009);
INSERT INTO entrenador VALUES('44444444D', 'Daniel', 'Hernandez', '26/01/1970', 14001);
INSERT INTO entrenador VALUES('55555555E', 'Antonia', 'Moreno', '5/06/1961', 41001);
INSERT INTO entrenador VALUES('66666666F', 'Oscar', 'Zaha', '30/06/1961', 23740);
INSERT INTO entrenador VALUES('77777777G', 'Virgil', 'Dorsey', '3/07/1971', 23700);
INSERT INTO entrenador VALUES('88888888H', 'Roxana', 'Gray', '29/01/1970', 23009);
INSERT INTO entrenador VALUES('99999999I', 'Gaspar ', 'Richards', '1/02/1970', 14001);
INSERT INTO entrenador VALUES('10101010J', 'Pastor ', 'Colom', '7/02/1970', 41001);
INSERT INTO entrenador VALUES('11111111K', 'Fabio', 'Castelló', '10/05/1969', 23740);
INSERT INTO entrenador VALUES('12121212L', 'Luis', 'Morán','17/05/1979', 23700);
INSERT INTO entrenador VALUES('13131313M', 'Rogelio ', 'Alegre', '31/01/1982', 23009);
INSERT INTO entrenador VALUES('14141414N', 'Almudena ', 'Anguita', '19/03/1986', 14001);
INSERT INTO entrenador VALUES('15151515O', 'Josep ', 'Córdoba', '1/02/1978', 41001);
INSERT INTO entrenador VALUES('16161616P', 'Almudena ', 'Baeza', '28/01/1980', 23740);
/* 3 - CLUB */
INSERT INTO club VALUES ('A11111111', 'Arsenal', 1978, 73722317, '11111111A');
INSERT INTO club VALUES ('B22222222', 'AstonVilla', 1940, 63964761, '22222222B');
INSERT INTO club VALUES ('C33333333', 'Brentford', 1951, 89960131, '33333333C');
INSERT INTO club VALUES ('D44444444', 'Brighton', 1978, 40890056, '44444444D');
INSERT INTO club VALUES ('E55555555', 'Burnley', 1966, 31060365, '55555555E');
INSERT INTO club VALUES ('F66666666', 'Dragones', 1951, 79658275, '66666666F');
INSERT INTO club VALUES ('G77777777', 'Madrilenos', 1965, 43767342, '77777777G');
INSERT INTO club VALUES ('H88888888', 'Spursito', 1978, 71136224, '88888888H');
INSERT INTO club VALUES ('I99999999', 'Slayers', 1947, 68595795, '99999999I');
INSERT INTO club VALUES ('J11111111', 'Drags', 1956, 31190793, '10101010J');
INSERT INTO club VALUES ('K22222222', 'Panteras', 1975, 53365057, '11111111K');
INSERT INTO club VALUES ('M33333333', 'Boomers', 1978, 44231968, '12121212L');
INSERT INTO club VALUES ('N44444444', 'Leones', 1978, 58120624, '13131313M');
INSERT INTO club VALUES ('L55555555', 'Espadas', 1978, 30177356, '14141414N');
INSERT INTO club VALUES ('O66666666', 'Sevillanos', 1954, 71358231, '15151515O');
INSERT INTO club VALUES ('P77777777', 'Mad Dogs', 1978, 44993109, '16161616P');
/* 4 - JUGADOR */
INSERT INTO jugador VALUES('11111111A', 'Mohamed ', 'Salah', '29/01/1988', 201, 1, 'ESCOLTA', 'A11111111');
INSERT INTO jugador VALUES('22222222B', 'Son', 'Heung-Min', '21/02/1989', 197, 1, 'BASE', 'A11111111');
INSERT INTO jugador VALUES('33333333C', 'Diogo ', 'Jota', '30/05/1989', 197, 1, 'ALERO', 'A11111111');
INSERT INTO jugador VALUES('44444444D', 'Cristiano ', 'Ronaldo', '5/09/1989', 208, 0, 'ALA-PIVOT', 'A11111111');
INSERT INTO jugador VALUES('55555555E', 'Sadio ', 'Mané', '30/04/1990', 185, 0, 'PIVOT', 'A11111111');
INSERT INTO jugador VALUES('66666666F', 'Harry ', 'Kane', '31/05/1990', 202, 0, 'ESCOLTA', 'B22222222');
INSERT INTO jugador VALUES('77777777G', 'Ivan ', 'Toney', '27/09/1990', 206, 1, 'BASE', 'B22222222');
INSERT INTO jugador VALUES('88888888H', 'Kevin', 'De Bruyne', '8/03/1991', 182, 1, 'ALERO', 'B22222222');
INSERT INTO jugador VALUES('99999999I', 'Riyad ', 'Mahrez', '28/04/1993', 189, 0, 'ALA-PIVOT', 'B22222222');
INSERT INTO jugador VALUES('10101010J', 'Wilfried ', 'Zaha', '15/06/1995', 202, 0,    'PIVOT', 'B22222222');
INSERT INTO jugador VALUES('11111111K', 'Bukayo ', 'Saka', '13/08/1996', 181, 0, 'ESCOLTA', 'C33333333');
INSERT INTO jugador VALUES('12121212L', 'Emile ', 'Smith Rowe', '14/08/1997', 184, 0, 'BASE', 'C33333333');
INSERT INTO jugador VALUES('13131313M', 'Teemu ', 'Pukki', '14/06/1999', 200, 0, 'ALERO', 'C33333333');
INSERT INTO jugador VALUES('14141414N', 'Jamie ', 'Vardy', '9/07/1999', 183, 0, 'ALA-PIVOT', 'C33333333');
INSERT INTO jugador VALUES('15151515O', 'Ronald', 'Vasquez', '4/02/2000', 189, 0, 'PIVOT', 'C33333333');
INSERT INTO jugador VALUES('16161616P', 'Raphinha', 'farfan', '13/03/2000', 183, 0, 'ESCOLTA', 'D44444444');
INSERT INTO jugador VALUES('17171717Q', 'Mason ', 'Mount', '6/11/2000', 200, 0, 'BASE', 'D44444444');
INSERT INTO jugador VALUES('18181818R', 'Carlos', 'Martinez', '8/10/2001', 191, 0, 'ALERO', 'D44444444');
INSERT INTO jugador VALUES('19191919S', 'Sara', 'Moreno', '23/05/2001', 182, 1, 'ALA-PIVOT', 'D44444444');
INSERT INTO jugador VALUES('20202020T', 'Diego', 'Fernandez', '4/07/2001', 207, 0, 'PIVOT', 'D44444444');
INSERT INTO jugador VALUES('11111111B', 'Riccardo ', 'Cox', '8/03/1984', 197, 1, 'ESCOLTA', 'E55555555');
INSERT INTO jugador VALUES('22222222C', 'Anibal', 'Vasquez', '20/02/1985', 186, 1, 'BASE', 'E55555555');
INSERT INTO jugador VALUES('33333333D', 'Laurel ', 'Jimenez', '29/03/1985', 180, 0, 'ALERO', 'E55555555');
INSERT INTO jugador VALUES('44444444E', 'Yoshimar', 'Yotun', '26/10/1988', 210, 0, 'ALA-PIVOT', 'E55555555');
INSERT INTO jugador VALUES('55555555F', 'Emelie ', 'Martinez', '6/05/1989', 187, 0, 'PIVOT', 'E55555555');
INSERT INTO jugador VALUES('66666666G', 'Aimee ', 'Jimenez', '6/06/1989', 178, 1, 'ESCOLTA', 'F66666666');
INSERT INTO jugador VALUES('77777777H', 'Teri ', 'Hall', '6/09/1989', 180, 0, 'BASE', 'F66666666');
INSERT INTO jugador VALUES('88888888I', 'Chanel ', 'Dorsey', '4/10/1990', 198, 1, 'ALERO', 'F66666666');
INSERT INTO jugador VALUES('99999999J', 'Can ', 'Rodriguez', '13/10/1990',  208, 0, 'ALA-PIVOT', 'F66666666');
INSERT INTO jugador VALUES('10101010K', 'Mysha ', 'Miles', '30/07/1991', 183, 1, 'PIVOT', 'F66666666');
INSERT INTO jugador VALUES('11111111L', 'Greg', 'Mccarthy', '6/06/1994', 200, 1, 'ESCOLTA', 'G77777777');
INSERT INTO jugador VALUES('12121212M', 'Ann', 'Maxwell', '18/09/1997', 200, 1, 'BASE', 'G77777777');
INSERT INTO jugador VALUES('13131313N', 'Oscar', 'Gray', '28/04/1998', 194, 0, 'ALERO', 'G77777777');
INSERT INTO jugador VALUES('14141414O', 'Arturo', 'Barber', '11/06/1998', 184, 0, 'ALA-PIVOT', 'G77777777');
INSERT INTO jugador VALUES('15151515P', 'Marlon', 'Jackson', '8/05/1999', 206, 0, 'PIVOT', 'G77777777');
INSERT INTO jugador VALUES('16161616Q', 'Virgil', 'Phillips', '9/05/1989',  183, 0, 'ESCOLTA', 'H88888888');
INSERT INTO jugador VALUES('17171717R', 'Jesus', 'Richards', '26/01/1990',  184, 1, 'BASE', 'H88888888');
INSERT INTO jugador VALUES('18181818S', 'Natasha', 'Clark', '8/10/1990', 179, 0, 'ALERO', 'H88888888');
INSERT INTO jugador VALUES('19191919T', 'Dora', 'Daniel', '5/06/1991', 209, 1, 'ALA-PIVOT', 'H88888888');
INSERT INTO jugador VALUES('20202020U', 'Michelle', 'Aguilar', '27/06/1991', 183, 0, 'PIVOT', 'H88888888');
INSERT INTO jugador VALUES('66546888A', 'Rodrigo ', 'Ribes-Vives', '28/06/1991', 207, 1, 'ESCOLTA', 'I99999999');
INSERT INTO jugador VALUES('10211747B', 'Jennifer ', ' Jaume', '29/06/1991',    188, 1, 'BASE', 'I99999999');
INSERT INTO jugador VALUES('72514053C', 'Roxana', 'Nogués', '30/06/1991', 185, 1, 'ALERO', 'I99999999');
INSERT INTO jugador VALUES('33958520D', 'Gonzalo ', 'Colom', '1/07/1991', 197, 0, 'ALA-PIVOT', 'I99999999');
INSERT INTO jugador VALUES('70790168E', 'Ignacio ', ' Villegas', '2/07/1991',   183, 0, 'PIVOT', 'I99999999');
INSERT INTO jugador VALUES('32252022J', 'César ', ' Checa', '3/07/1991', 186, 0, 'ESCOLTA', 'J11111111');
INSERT INTO jugador VALUES('95751116K', 'Tania ', ' Casado', '26/01/1990', 193, 1, 'BASE', 'J11111111');
INSERT INTO jugador VALUES('55465506H', 'Gaspar ', 'Torrents', '27/01/1990', 184, 1, 'ALERO', 'J11111111');
INSERT INTO jugador VALUES('37252973T', 'Amaya ', ' Córdoba', '28/01/1990', 203, 0, 'ALA-PIVOT', 'J11111111');
INSERT INTO jugador VALUES('44929889R', 'Esperanza ', 'Gálvez', '29/01/1990', 193, 0, 'PIVOT', 'J11111111');
INSERT INTO jugador VALUES('24261906T', 'Lourdes ', 'Castelló', '30/01/1990',   191, 0, 'ESCOLTA', 'K22222222');
INSERT INTO jugador VALUES('15139276P', 'Edelmira ', 'Moya', '31/01/1990',      183, 0, 'BASE', 'K22222222');
INSERT INTO jugador VALUES('53971741W', 'Jennifer ', 'Morillo', '1/02/1990',    183, 0, 'ALERO', 'K22222222');
INSERT INTO jugador VALUES('34384779Q', 'Pastor ', 'Ortiz', '2/02/1990',        187, 0, 'ALA-PIVOT', 'K22222222');
INSERT INTO jugador VALUES('98097013Z', 'Fabio', 'Morán', '3/02/1990',          210, 0, 'PIVOT', 'K22222222');
INSERT INTO jugador VALUES('32073620F', 'Luis', 'Alegre', '4/02/1990',  191, 0, 'ESCOLTA', 'M33333333');
INSERT INTO jugador VALUES('16026085S', 'Rogelio ', 'Anguita', '5/02/1990',     184, 0, 'BASE', 'M33333333');
INSERT INTO jugador VALUES('24347179E', 'Almudena ', 'Córdoba', '6/02/1990',    183, 0, 'ALERO', 'M33333333');
INSERT INTO jugador VALUES('20460445J', 'Julio ', 'Bustos', '7/02/1990',        197, 1, 'ALA-PIVOT', 'M33333333');
INSERT INTO jugador VALUES('75144865G', 'Gertrudis ', 'Peral', '8/02/1990',     200, 0, 'PIVOT', 'M33333333');
INSERT INTO jugador VALUES('98312079L', 'Heriberto ', 'Badía', '8/05/1999',     187, 1, 'ESCOLTA', 'N44444444');
INSERT INTO jugador VALUES('70616184U', 'Diego ', 'Vall', '9/05/1999',          183, 1, 'BASE', 'N44444444');
INSERT INTO jugador VALUES('51774473O', 'Fabricio ', 'Palma', '10/05/1999',     184, 0, 'ALERO', 'N44444444');
INSERT INTO jugador VALUES('48980390P', 'Josep ', 'Quiroga', '11/05/1999',      197, 0, 'ALA-PIVOT', 'N44444444');
INSERT INTO jugador VALUES('35426561G', 'Hector ', 'Novoa', '12/05/1999',       184, 0, 'PIVOT', 'N44444444');
INSERT INTO jugador VALUES('90786673S', 'Natalio ', 'Baeza', '13/05/1999',      192, 1, 'ESCOLTA', 'L55555555');
INSERT INTO jugador VALUES('63177499C', 'Francisco', 'Hoz', '14/05/1999', 181, 0, 'BASE', 'L55555555');
INSERT INTO jugador VALUES('90897339B', 'Danilo ', 'Cañete', '15/05/1999',      183, 1, 'ALERO', 'L55555555');
INSERT INTO jugador VALUES('97249228N', 'Nazario', 'Iñiguez', '16/05/1999',     210, 0, 'ALA-PIVOT', 'L55555555');
INSERT INTO jugador VALUES('87750917N', 'Primitivo ', 'Miró', '17/05/1999',     182, 1, 'PIVOT', 'L55555555');
INSERT INTO jugador VALUES('78448959M', 'Vilma ', 'Herranz', '13/03/2000',      196, 1, 'ESCOLTA', 'O66666666');
INSERT INTO jugador VALUES('32124736S', 'Eliana ', 'Jáuregui', '29/01/1988',    190, 1, 'BASE', 'O66666666');
INSERT INTO jugador VALUES('26604052E', 'Calista ', 'Nadal', '30/01/1988',      202, 0, 'ALERO', 'O66666666');
INSERT INTO jugador VALUES('80402953A', 'María  ', 'Menéndez', '31/01/1988',    203, 0, 'ALA-PIVOT', 'O66666666');
INSERT INTO jugador VALUES('44436522B', 'Ignacio', 'Vallés', '17/03/2000',      198, 0, 'PIVOT', 'O66666666');
INSERT INTO jugador VALUES('29278845X', 'Fabricio ', 'Heredia', '18/03/2000',   181, 0, 'ESCOLTA', 'P77777777');
INSERT INTO jugador VALUES('26360621U', 'Lupe ', 'Guardiola', '19/03/2000',     178, 1, 'BASE', 'P77777777');
INSERT INTO jugador VALUES('87333919I', 'Chita ', 'Ferrero', '20/03/2000',      208, 0, 'ALERO', 'P77777777');
INSERT INTO jugador VALUES('69175628P', 'Fortunata ', 'Monreal', '1/02/1988',   193, 1, 'ALA-PIVOT', 'P77777777');
INSERT INTO jugador VALUES('79290822S', 'Pastora ', 'Aroca', '2/02/1988',       194, 0, 'PIVOT', 'P77777777');
/* 5 - ESTADIO */
INSERT INTO estadio VALUES('Bernabeu', 87428, 23740);
INSERT INTO estadio VALUES ('Universi', 62351, 23700);
INSERT INTO estadio VALUES ('Alianza', 56328, 23009);
INSERT INTO estadio VALUES ('Salesol', 70074, 14001);
INSERT INTO estadio VALUES ('Wizin', 65296, 23740);
INSERT INTO estadio VALUES ('Estudia', 70791, 23700);
INSERT INTO estadio VALUES ('Blacko', 58199, 14001);
INSERT INTO estadio VALUES ('Rural', 47903, 14001);
/* 6 - TORNEO */
INSERT INTO torneo VALUES(1000, 'Euroliga',  100000 );
INSERT INTO torneo VALUES(2000, 'Eurocup',  200000 );
INSERT INTO torneo VALUES(3000, 'Copa Intercontinental de Clubs',  400000);
/* 7 - TIPO_PARTIDO */
INSERT INTO tipo_partido VALUES('A1','AMISTOSO');
INSERT INTO tipo_partido VALUES('A2', 'AMISTOSO');
INSERT INTO tipo_partido VALUES('A3', 'AMISTOSO');
INSERT INTO tipo_partido VALUES('B1000F', 'DE_TORNEO');
INSERT INTO tipo_partido VALUES('B1000S', 'DE_TORNEO');
INSERT INTO tipo_partido VALUES('B1000C', 'CLASIFIC');
INSERT INTO tipo_partido VALUES('B2000F', 'DE_TORNEO');
INSERT INTO tipo_partido VALUES('B2000S', 'DE_TORNEO');
INSERT INTO tipo_partido VALUES('B2000C', 'CLASIFIC');
INSERT INTO tipo_partido VALUES('B3000F', 'DE_TORNEO');
INSERT INTO tipo_partido VALUES('B3000S', 'DE_TORNEO');
INSERT INTO tipo_partido VALUES('B3000C', 'CLASIFIC');
/* 8 - AMISTOSO */
INSERT INTO amistoso VALUES('A1','AMISTOSO','BENEFICA');
INSERT INTO amistoso VALUES('A2', 'AMISTOSO', 'ENTRENAMIENTO');
INSERT INTO amistoso VALUES('A3', 'AMISTOSO', 'CELEBRACION');
/* 9 - DE_TORNEO*/
INSERT INTO de_torneo VALUES('B1000F','DE_TORNEO','FINAL',1000);
INSERT INTO de_torneo VALUES('B1000S', 'DE_TORNEO', 'SEMIFINAL', 1000);
INSERT INTO de_torneo VALUES('B2000F', 'DE_TORNEO', 'FINAL', 2000);
INSERT INTO de_torneo VALUES('B2000S', 'DE_TORNEO', 'SEMIFINAL', 2000);
INSERT INTO de_torneo VALUES('B3000F', 'DE_TORNEO', 'FINAL', 3000);
INSERT INTO de_torneo VALUES('B3000S', 'DE_TORNEO', 'SEMIFINAL', 3000);
/* 10 - CLASIFICATORIO */
INSERT INTO clasificatorio VALUES('B1000C','CLASIFIC',1000);
INSERT INTO clasificatorio VALUES('B2000C', 'CLASIFIC', 2000);
INSERT INTO clasificatorio VALUES('B3000C', 'CLASIFIC', 3000);
/* 11 - CLUB_PARTIDO */
INSERT INTO club_partido VALUES('A11111111','B22222222','A1','10/05/2022','Bernabeu',23740,92,93,'B22222222');
INSERT INTO club_partido VALUES('A11111111', 'C33333333', 'A1', '12/04/2022', 'Universi', 23700, 93, 82, 'A11111111');
INSERT INTO club_partido VALUES('J11111111', 'M33333333', 'A2', '13/02/2022', 'Alianza', 23009, 81, 92, 'M33333333');
INSERT INTO club_partido VALUES('P77777777', 'D44444444', 'A3', '16/12/2021', 'Salesol', 14001, 92, 71, 'P77777777');
INSERT INTO club_partido VALUES('A11111111', 'E55555555', 'B1000C', '2/03/2021', 'Wizin', 23740, 81, 80, 'A11111111');
INSERT INTO club_partido VALUES('B22222222', 'F66666666', 'B1000C', '3/03/2021', 'Estudia', 23700, 92, 70, 'B22222222');
INSERT INTO club_partido VALUES('C33333333', 'G77777777', 'B1000C', '4/03/2021', 'Blacko', 14001, 80, 93, 'G77777777');
INSERT INTO club_partido VALUES('D44444444', 'H88888888', 'B1000C', '5/03/2021', 'Rural', 14001, 90, 91, 'H88888888');
INSERT INTO club_partido VALUES('A11111111', 'B22222222', 'B1000S', '6/03/2021', 'Bernabeu', 23740, 103, 92, 'A11111111');
INSERT INTO club_partido VALUES('G77777777', 'H88888888', 'B1000S', '7/03/2021', 'Universi', 23700, 80, 92, 'H88888888');
INSERT INTO club_partido VALUES('A11111111', 'H88888888', 'B1000F', '10/03/2021', 'Alianza', 23009, 83, 81, 'G77777777');
INSERT INTO club_partido VALUES('I99999999', 'N44444444', 'B2000C', '16/07/2022', 'Salesol', 14001, 82, 94, 'N44444444');
INSERT INTO club_partido VALUES('J11111111', 'L55555555', 'B2000C', '17/07/2022', 'Wizin', 23740, 100, 91, 'L55555555');
INSERT INTO club_partido VALUES('K22222222', 'O66666666', 'B2000C', '18/07/2022', 'Estudia', 23700, 100, 102, 'O66666666');
INSERT INTO club_partido VALUES('M33333333', 'P77777777', 'B2000C', '19/07/2022', 'Blacko', 14001, 93, 71, 'M33333333');
INSERT INTO club_partido VALUES('N44444444', 'L55555555', 'B2000S', '20/07/2022', 'Rural', 14001, 92, 81, 'N44444444');
INSERT INTO club_partido VALUES('O66666666', 'M33333333', 'B2000S', '21/07/2022', 'Bernabeu', 23740, 71, 82, 'M33333333');
INSERT INTO club_partido VALUES('N44444444', 'M33333333', 'B2000F', '24/07/2022', 'Universi', 23700, 91, 80, 'N44444444');
INSERT INTO club_partido VALUES('A11111111', 'C33333333', 'B3000C', '21/11/2022', 'Alianza', 23009, 82, 80, 'A11111111');
INSERT INTO club_partido VALUES('E55555555', 'G77777777', 'B3000C', '22/11/2022', 'Salesol', 14001, 103, 92, 'E55555555');
INSERT INTO club_partido VALUES('I99999999', 'K22222222', 'B3000C', '23/11/2022', 'Wizin', 23740, 100, 113, 'K22222222');
INSERT INTO club_partido VALUES('N44444444', 'O66666666', 'B3000C', '24/11/2022', 'Estudia', 23700, 83, 72, 'N44444444');
INSERT INTO club_partido VALUES('A11111111', 'E55555555', 'B3000S', '25/11/2022', 'Blacko', 14001, 71, 92, 'E55555555');
INSERT INTO club_partido VALUES('K22222222', 'N44444444', 'B3000S', '26/11/2022', 'Rural', 14001, 62, 93, 'N44444444');
INSERT INTO club_partido VALUES('E55555555', 'N44444444', 'B3000F', '30/11/2022', 'Wizin', 23740, 104, 70, 'E55555555');
/* 12 - CONTRATO */
INSERT INTO contrato VALUES('1/01/2005','1/01/2023', 10000000, 40000000,'A11111111','11111111A');
INSERT INTO contrato VALUES('2/01/2005', '2/01/2023', 20000000, 50000000, 'A11111111', '22222222B');
INSERT INTO contrato VALUES('3/01/2005', '3/01/2023', 30000000, 60000000, 'A11111111', '33333333C');
INSERT INTO contrato VALUES('4/01/2005', '4/01/2023', 40000000, 70000000, 'A11111111', '44444444D');
INSERT INTO contrato VALUES('5/01/2009', '5/01/2023', 50000000, 80000000, 'A11111111', '55555555E');
INSERT INTO contrato VALUES('6/01/2009', '6/01/2023', 60000000, 90000000, 'B22222222', '66666666F');
INSERT INTO contrato VALUES('7/01/2009', '7/01/2023', 70000000, 100000000, 'B22222222', '77777777G');
INSERT INTO contrato VALUES('8/01/2009', '8/01/2023', 80000000, 110000000, 'B22222222', '88888888H');
INSERT INTO contrato VALUES('9/01/2009', '9/01/2023', 90000000, 120000000, 'B22222222', '99999999I');
INSERT INTO contrato VALUES('10/01/2013', '10/01/2023', 100000000, 130000000, 'B22222222', '10101010J');
INSERT INTO contrato VALUES('11/01/2013', '11/01/2023', 110000000, 140000000, 'C33333333', '11111111K');
INSERT INTO contrato VALUES('12/01/2013', '12/01/2023', 120000000, 150000000, 'C33333333', '12121212L');
INSERT INTO contrato VALUES('13/01/2013', '13/01/2023', 130000000, 160000000, 'C33333333', '13131313M');
INSERT INTO contrato VALUES('14/01/2013', '14/01/2024', 140000000, 170000000, 'C33333333', '14141414N');
INSERT INTO contrato VALUES('15/01/2017', '15/01/2025', 150000000, 180000000, 'C33333333', '15151515O');
INSERT INTO contrato VALUES('16/01/2017', '16/01/2025', 160000000, 190000000, 'D44444444', '16161616P');
INSERT INTO contrato VALUES('17/01/2017', '11/01/2025', 170000000, 200000000, 'D44444444', '17171717Q');
INSERT INTO contrato VALUES('18/01/2017', '12/01/2023', 180000000, 210000000, 'D44444444', '18181818R');
INSERT INTO contrato VALUES('19/01/2021', '15/02/2023', 190000000, 220000000, 'D44444444', '19191919S');
INSERT INTO contrato VALUES('20/01/2021', '5/01/2023', 200000000, 230000000, 'D44444444', '20202020T');
INSERT INTO contrato VALUES('9/01/2009', '4/03/2023', 10000000, 40000000, 'E55555555', '11111111B');
INSERT INTO contrato VALUES('10/01/2009', '22/01/2023', 20000000, 50000000, 'E55555555', '22222222C');
INSERT INTO contrato VALUES('11/01/2009', '15/01/2023', 30000000, 60000000, 'E55555555', '33333333D');
INSERT INTO contrato VALUES('12/01/2009', '15/01/2023', 40000000, 70000000, 'E55555555', '44444444E');
INSERT INTO contrato VALUES('13/01/2009', '16/02/2023', 50000000, 80000000, 'E55555555', '55555555F');
INSERT INTO contrato VALUES('14/01/2009', '26/01/2023', 60000000, 90000000, 'F66666666', '66666666G');
INSERT INTO contrato VALUES('15/01/2009', '27/01/2023', 70000000, 100000000, 'F66666666', '77777777H');
INSERT INTO contrato VALUES('14/01/2013', '28/01/2023', 80000000, 110000000, 'F66666666', '88888888I');
INSERT INTO contrato VALUES('15/01/2013', '29/01/2023', 90000000, 120000000, 'F66666666', '99999999J');
INSERT INTO contrato VALUES('16/01/2013', '30/01/2025', 100000000, 130000000, 'F66666666', '10101010K');
INSERT INTO contrato VALUES('17/01/2013', '31/01/2024', 110000000, 140000000, 'G77777777', '11111111L');
INSERT INTO contrato VALUES('14/01/2013', '14/01/2024', 120000000, 150000000, 'G77777777', '12121212M');
INSERT INTO contrato VALUES('15/01/2017', '15/01/2023', 130000000, 160000000, 'G77777777', '13131313N');
INSERT INTO contrato VALUES('16/01/2017', '16/01/2025', 140000000, 170000000, 'G77777777', '14141414O');
INSERT INTO contrato VALUES('17/01/2017', '17/01/2026', 150000000, 180000000, 'G77777777', '15151515P');
INSERT INTO contrato VALUES('18/01/2017', '18/01/2024', 160000000, 190000000, 'H88888888', '16161616Q');
INSERT INTO contrato VALUES('19/01/2021', '19/01/2026', 170000000, 200000000, 'H88888888', '17171717R');
INSERT INTO contrato VALUES('14/01/2013', '14/01/2025', 180000000, 210000000, 'H88888888', '18181818S');
INSERT INTO contrato VALUES('15/01/2017', '15/01/2025', 190000000, 220000000, 'H88888888', '19191919T');
INSERT INTO contrato VALUES('16/01/2017', '16/01/2025', 200000000, 230000000, 'H88888888', '20202020U');
INSERT INTO contrato VALUES('17/01/2017', '17/01/2024', 10000000, 40000000, 'I99999999', '66546888A');
INSERT INTO contrato VALUES('13/01/2017', '18/01/2024', 20000000, 50000000, 'I99999999', '10211747B');
INSERT INTO contrato VALUES('19/01/2021', '19/01/2023', 30000000, 60000000, 'I99999999', '72514053C');
INSERT INTO contrato VALUES('18/01/2021', '13/01/2023', 40000000, 70000000, 'I99999999', '33958520D');
INSERT INTO contrato VALUES('16/01/2013', '14/02/2025', 50000000, 80000000, 'I99999999', '70790168E');
INSERT INTO contrato VALUES('17/01/2013', '15/02/2025', 60000000, 90000000, 'J11111111', '32252022J');
INSERT INTO contrato VALUES('22/01/2021', '16/02/2025', 70000000, 100000000, 'J11111111', '95751116K');
INSERT INTO contrato VALUES('13/01/2017', '17/02/2025', 80000000, 110000000, 'J11111111', '55465506H');
INSERT INTO contrato VALUES('12/01/2009', '18/02/2024', 90000000, 120000000, 'J11111111', '37252973T');
INSERT INTO contrato VALUES('13/01/2009', '19/02/2024', 100000000, 130000000, 'J11111111', '44929889R');
INSERT INTO contrato VALUES('13/01/2017', '20/02/2026', 110000000, 140000000, 'K22222222', '24261906T');
INSERT INTO contrato VALUES('15/01/2009', '21/02/2023', 120000000, 150000000, 'K22222222', '15139276P');
INSERT INTO contrato VALUES('13/01/2017', '22/02/2025', 130000000, 160000000, 'K22222222', '53971741W');
INSERT INTO contrato VALUES('19/01/2013', '23/02/2023', 140000000, 170000000, 'K22222222', '34384779Q');
INSERT INTO contrato VALUES('20/01/2013', '24/02/2025', 150000000, 180000000, 'K22222222', '98097013Z');
INSERT INTO contrato VALUES('21/01/2013', '25/02/2024', 160000000, 190000000, 'M33333333', '32073620F');
INSERT INTO contrato VALUES('5/01/2009', '5/01/2023', 170000000, 200000000, 'M33333333', '16026085S');
INSERT INTO contrato VALUES('6/01/2009', '6/01/2024', 180000000, 210000000, 'M33333333', '24347179E');
INSERT INTO contrato VALUES('13/01/2013', '13/01/2023', 190000000, 220000000, 'M33333333', '20460445J');
INSERT INTO contrato VALUES('13/01/2017', '14/01/2025', 200000000, 230000000, 'M33333333', '75144865G');
INSERT INTO contrato VALUES('15/01/2017', '15/01/2023', 10000000, 40000000, 'N44444444', '98312079L');
INSERT INTO contrato VALUES('16/01/2017', '16/01/2024', 20000000, 50000000, 'N44444444', '70616184U');
INSERT INTO contrato VALUES('25/01/2021', '4/03/2023', 30000000, 60000000, 'N44444444', '51774473O');
INSERT INTO contrato VALUES('26/01/2021', '5/03/2025', 40000000, 70000000, 'N44444444', '48980390P');
INSERT INTO contrato VALUES('27/01/2021', '6/03/2026', 50000000, 80000000, 'N44444444', '35426561G');
INSERT INTO contrato VALUES('28/01/2021', '7/03/2026', 60000000, 90000000, 'L55555555', '90786673S');
INSERT INTO contrato VALUES('5/01/2009', '5/01/2023', 70000000, 100000000, 'L55555555', '63177499C');
INSERT INTO contrato VALUES('6/01/2009', '6/01/2024', 80000000, 110000000, 'L55555555', '90897339B');
INSERT INTO contrato VALUES('7/01/2009', '7/01/2025', 90000000, 120000000, 'L55555555', '97249228N');
INSERT INTO contrato VALUES('8/01/2009', '8/01/2026', 100000000, 130000000, 'L55555555', '87750917N');
INSERT INTO contrato VALUES('9/01/2009', '9/01/2024', 110000000, 140000000, 'O66666666', '78448959M');
INSERT INTO contrato VALUES('10/01/2009', '10/01/2023', 120000000, 150000000, 'O66666666', '32124736S');
INSERT INTO contrato VALUES('11/01/2009', '11/01/2025', 130000000, 160000000, 'O66666666', '26604052E');
INSERT INTO contrato VALUES('12/01/2009', '12/01/2026', 140000000, 170000000, 'O66666666', '80402953A');
INSERT INTO contrato VALUES('13/01/2009', '13/01/2027', 150000000, 180000000, 'O66666666', '44436522B');
INSERT INTO contrato VALUES('14/01/2009', '14/01/2025', 160000000, 190000000, 'P77777777', '29278845X');
INSERT INTO contrato VALUES('8/02/2021', '18/03/2023', 170000000, 200000000, 'P77777777', '26360621U');
INSERT INTO contrato VALUES('9/02/2021', '19/03/2024', 180000000, 210000000, 'P77777777', '87333919I');
INSERT INTO contrato VALUES('10/02/2021', '20/03/2026', 190000000, 220000000, 'P77777777', '69175628P');
INSERT INTO contrato VALUES('11/02/2021', '21/03/2024', 200000000, 230000000, 'P77777777', '79290822S');

/* comprobación */
/*
SELECT * FROM codigo_postal ORDER BY 1;
SELECT * FROM entrenador ORDER BY 1;
SELECT * FROM club ORDER BY 1; 
SELECT * FROM jugador ORDER BY 8;
SELECT * FROM estadio ORDER BY 1, 3;
SELECT * FROM torneo ORDER BY 1;
SELECT * FROM tipo_partido ORDER BY 1;
SELECT * FROM amistoso ORDER BY 1;
SELECT * FROM de_torneo ORDER BY 1;
SELECT * FROM clasificatorio ORDER BY 1;
SELECT * FROM club_partido ORDER BY 1;
SELECT * FROM contrato ORDER BY 1;
*/

/* BORRADO DE EMERGENCIA - solo se puede ejecutar en este orden*/
/*
DROP TABLE contrato;
DROP TABLE club_partido;
DROP TABLE clasificatorio;
DROP TABLE de_torneo;
DROP TABLE amistoso;
DROP TABLE tipo_partido;
DROP TABLE torneo;
DROP TABLE estadio;
DROP TABLE jugador;
DROP TABLE club;
DROP TABLE entrenador;
DROP TABLE codigo_postal;
*/


/* VISTAS */
/* 1 - De cada club, cuantos partidos que ha ganado*/
CREATE OR REPLACE VIEW partidosganados (CLUB, PARTIDOS_GANADOS)
AS ( SELECT club.cif, COUNT(*) FROM club, club_partido WHERE (club_partido.ganador = club.cif) GROUP BY club.cif )
WITH READ ONLY;
/* 2 - Jugadores que midan más de 1.90*/
CREATE OR REPLACE VIEW jugadores190 (DNI,	Nombre,	Apellido,	F_nac, Altura, Lesionado, Posicion, CIF_club)
AS ( SELECT * FROM jugador WHERE (altura > 190) )
WITH CHECK OPTION;
/* 3 - De cada localidad , cuantos estadios hay*/
CREATE OR REPLACE VIEW localidadestadios (LOCALIDAD, NUMERO_DE_ESTADIOS)
AS (SELECT codigo_postal.localidad, COUNT(estadio.nombre) FROM estadio, codigo_postal WHERE codigo_postal.cod_postal = estadio.cod_postal GROUP BY codigo_postal.localidad)
WITH READ ONLY;
/* 4 - Clubes fundados en 1978 con los datos de su entrenador*/
CREATE OR REPLACE VIEW clubes1978 (CIF_CLUB, NOMBRE, VALORACION, DNI_ENTRENADOR, NOMBRE_E, APELLIDO)
AS (SELECT club.cif, club.nombre, club.valoracion_euros, entrenador.dni,  entrenador.nombres, entrenador.apellido FROM club, entrenador WHERE anio_fundacion = 1978 AND club.dni = entrenador.dni)
WITH READ ONLY;
/* 5 - Partidos amistosos bénifcos*/
CREATE OR REPLACE VIEW amistosos_beneficos (CLUB_1, CLUB_2, RESULTADO, ESTADIO)
AS (SELECT club_partido.cif_1, club_partido.cif_2, club_partido.puntos_club_1||'-'||club_partido.puntos_club_2, club_partido.nombre  FROM club_partido WHERE codigo = 'A1')
WITH READ ONLY;


